if_elsif_else	int:20	EQ JMP JMPNOT LOADI LOADI_1 LOADI_2 MOVE RETURN STOP
unless_clause	int:20	EQ JMP JMPNOT LOADI LOADI_1 LOADI_2 MOVE RETURN STOP
case_when_value	int:20	JMP JMPIF LOADI LOADI_1 LOADI_2 LOADNIL MOVE RETURN SEND STOP
case_when_class	int:1	GETCONST JMP JMPIF LOADI_1 LOADI_2 LOADI_3 LOADNIL MOVE RETURN SEND STOP
case_when_range	int:2	JMP JMPIF LOADI LOADI_1 LOADI_2 LOADI_3 LOADI_4 LOADI_5 LOADNIL MOVE RANGE_INC RETURN SEND STOP
case_in_value	int:20	JMP JMPNOT LOADF LOADI LOADI_1 LOADI_2 MATCHERR MOVE RETURN SEND STOP
ternary	int:7	EQ JMP JMPNOT LOADI LOADI_1 LOADI_7 RETURN STOP
while_loop	int:3	ADDILV JMP JMPNOT LOADI_0 LOADI_3 LT MOVE NOP RETURN STOP
until_loop	int:3	ADDILV GE JMP JMPIF LOADI_0 LOADI_3 MOVE NOP RETURN STOP
for_loop	int:6	ADD ARRAY BLOCK ENTER GETUPVAR LOADI_0 LOADI_1 LOADI_2 LOADI_3 NOP RETURN SENDB SETUPVAR STOP
loop_with_break	int:3	ADDI BLOCK BREAK ENTER GETUPVAR GT JMP JMPNOT LOADI_0 LOADI_2 LOADNIL RETURN SETUPVAR SSENDB STOP
next_in_block	int:4	ADD ARRAY BLOCK ENTER EQ GETUPVAR JMPNOT LOADI_0 LOADI_1 LOADI_2 LOADI_3 MOVE RETNIL RETURN SENDB SETUPVAR STOP
begin_rescue_else	int:3	EXCEPT GETCONST GETGV JMP JMPIF LOADI_1 LOADI_2 LOADI_3 MOVE RAISEIF RESCUE RETURN SETGV STOP
begin_ensure_value	int:1	ENTER EXCEPT GETGV GETMCNST JMP JMPNOT LOADI_1 OCLASS RAISEIF RESCUE RETURN SETGV SSEND0 STOP TDEF
retry_once	int:2	ADDI EXCEPT GETCONST GETGV JMP JMPIF JMPNOT JMPUW LOADI_0 LOADI_2 LT MOVE RAISEIF RESCUE RETURN SETGV SSEND STOP STRING
rescue_message	str:boom	EXCEPT GETCONST GETGV JMP JMPIF MOVE RAISEIF RESCUE RETURN SEND0 SETGV SSEND STOP STRING
return_in_ensure	int:1	ENTER EXCEPT GETGV GETMCNST JMP JMPNOT LOADI_1 OCLASS RAISEIF RESCUE RETURN RETURN_BLK SETGV SSEND0 STOP TDEF
return_in_rescue	int:1	ENTER EXCEPT GETCONST GETGV JMP JMPIF LOADI_1 LOADI_2 MOVE RAISEIF RESCUE RETURN RETURN_BLK SETGV SSEND0 STOP TDEF
return_in_while	int:1	ENTER JMP LOADI_1 NOP RETNIL RETURN RETURN_BLK SSEND0 STOP TDEF
optional_argument	int:3	ADD ENTER JMP LOADI_1 LOADI_2 MOVE RETURN SSEND STOP TDEF
rest_argument	int:3	ENTER LOADI_1 LOADI_2 LOADI_3 MOVE RETURN SEND0 SSEND STOP TDEF
keyword_argument	int:3	ADD ENTER JMP JMPIF KARG KEYEND KEY_P LOADI_1 LOADI_2 LOADSYM MOVE RETURN SSEND STOP TDEF
double_splat_parameter	int:5	ENTER GETIDX LOADI_5 LOADSYM MOVE RETURN SSEND STOP TDEF
block_parameter	int:7	BLOCK ENTER LOADI_7 MOVE RETURN SEND0 SSENDB STOP TDEF
yield_value	int:6	BLKCALL BLKPUSH BLOCK ENTER LOADI_2 LOADI_3 MOVE MUL RETURN SSENDB STOP TDEF
block_given	int:1	BLOCK ENTER JMP JMPNOT LOADI_0 LOADI_1 RETNIL RETURN SSEND0 SSENDB STOP TDEF
symbol_to_proc	int:3	ARRAY LOADI_1 LOADI_2 LOADI_3 LOADSYM RETURN SEND0 SENDB STOP
lambda_call	int:6	ENTER LAMBDA LOADI_2 LOADI_3 MOVE MUL RETURN SEND STOP
lambda_dot_call	int:6	ENTER LAMBDA LOADI_2 LOADI_3 MOVE MUL RETURN SEND STOP
proc_new	int:2	ADDI BLOCK ENTER GETCONST LOADI_1 MOVE RETURN SEND SENDB STOP
method_chain	int:1	ARRAY LOADI_1 LOADI_2 LOADI_3 RETURN SEND0 STOP
safe_navigation	int:1	JMP JMPNIL LOADI_0 LOADI_1 LOADNIL MOVE RETURN SEND0 STOP
class_with_ivar	int:4	CLASS ENTER EXEC GETCONST GETIV LOADI_4 LOADNIL MOVE RETURN SEND SEND0 SETIV STOP TDEF
inheritance	int:1	CLASS ENTER EXEC GETCONST LOADI_1 LOADNIL RETURN SEND0 STOP TDEF
super_with_args	int:2	ADDI ARGARY CLASS ENTER EXEC GETCONST LOADI_1 LOADNIL RETURN SEND SEND0 STOP SUPER TDEF
module_singleton	int:3	ENTER EXEC GETCONST LOADI_3 LOADNIL LOADSELF MODULE RETURN SDEF SEND0 STOP
module_include	int:5	CLASS ENTER EXEC GETCONST LOADI_5 LOADNIL MODULE RETURN SEND0 SSEND STOP TDEF
module_extend	int:6	CLASS ENTER EXEC GETCONST LOADI_6 LOADNIL MODULE RETURN SEND0 SSEND STOP TDEF
attr_accessor	int:8	CLASS EXEC GETCONST LOADI LOADNIL LOADSYM MOVE RETURN SEND SEND0 SSEND STOP
constant_in_class	int:11	CLASS ENTER EXEC GETCONST LOADI LOADNIL RETURN SEND0 SETCONST STOP TDEF
singleton_on_object	int:13	ENTER GETCONST LOADI MOVE RETURN SDEF SEND0 STOP
method_missing	int:15	CLASS ENTER EXEC GETCONST LOADI LOADNIL RETURN SEND0 STOP TDEF
respond_to	int:1	CLASS ENTER EXEC GETCONST JMP JMPNOT LOADI_0 LOADI_1 LOADNIL LOADSYM RETNIL RETURN SEND SEND0 STOP TDEF
is_a_check	int:1	GETCONST JMP JMPNOT LOADI_0 LOADI_1 RETURN SEND STOP
nested_class	int:17	CLASS ENTER EXEC GETCONST GETMCNST LOADI LOADNIL RETURN SEND0 STOP TDEF
alias_method_keyword	int:18	ALIAS CLASS ENTER EXEC GETCONST LOADI LOADNIL RETNIL RETURN SEND0 STOP TDEF
to_s_override	str:k	CLASS ENTER EXEC GETCONST LOADNIL RETURN SEND0 STOP STRCAT STRING TDEF
equality_override	int:0	CLASS ENTER EQ EXEC GETCONST JMP JMPNOT LOADI_0 LOADI_1 LOADNIL RETTRUE RETURN SEND0 STOP TDEF
sort_with_block	int:1	ARRAY BLOCK ENTER LOADI_1 LOADI_2 LOADI_3 MOVE RETURN SEND SEND0 SENDB STOP
string_interpolation	str:x1y	LOADI_1 MOVE RETURN STOP STRCAT STRING
heredoc	int:3	MOVE RETURN SEND0 STOP STRING
symbol_to_s	str:abc	LOADSYM RETURN SEND0 STOP
dynamic_symbol	str:a1	INTERN LOADI_1 MOVE RETURN SEND0 STOP STRCAT STRING
array_size	int:3	ARRAY LOADI_1 LOADI_2 LOADI_3 RETURN SEND0 STOP
array_splat_literal	int:3	ARRAY ARRAY2 ARYCAT LOADI_1 LOADI_2 LOADI_3 MOVE RETURN SEND0 STOP
hash_size	int:2	HASH LOADI_1 LOADI_2 LOADSYM RETURN SEND0 STOP
hash_spread	int:2	HASH HASHADD HASHCAT LOADI_1 LOADI_2 LOADSYM MOVE RETURN SEND0 STOP
range_inclusive	int:3	LOADI_1 LOADI_3 RANGE_INC RETURN SEND0 STOP
range_exclusive	int:2	LOADI_1 LOADI_3 RANGE_EXC RETURN SEND0 STOP
nested_index	int:3	ARRAY GETIDX LOADI_0 LOADI_1 LOADI_2 LOADI_3 LOADI_4 RETURN STOP
multiple_assignment	int:3	ADD LOADI_1 LOADI_2 MOVE RETURN STOP
swap	int:2	LOADI_1 LOADI_2 MOVE RETURN STOP
masgn_splat	int:2	ARRAY2 LOADI_1 LOADI_2 LOADI_3 MOVE RETURN SEND0 STOP
op_assign	int:3	ADDILV LOADI_1 RETURN STOP
or_assign	int:5	JMPIF LOADI_5 LOADNIL MOVE RETURN STOP
and_assign	int:5	JMPNOT LOADI_1 LOADI_5 MOVE RETURN STOP
index_assign	int:9	ARRAY2 GETIDX0 LOADI LOADI_0 LOADI_1 LOADI_2 MOVE RETURN SETIDX STOP
hash_index_assign	int:3	GETIDX HASH LOADI_3 LOADSYM MOVE RETURN SETIDX STOP
big_integer	int:4294967296123	LOADL RETURN STOP
float_arithmetic	int:3	ADD LOADL RETURN SEND0 STOP
boolean_and	int:0	JMP JMPNOT LOADF LOADI_0 LOADI_1 RETURN STOP
global_variable	int:21	GETGV LOADI RETURN SETGV STOP
string_length	int:5	RETURN SEND0 STOP STRING
string_upcase	str:AB	RETURN SEND0 STOP STRING
string_split	int:3	RETURN SEND SEND0 STOP STRING
string_include	int:1	JMP JMPNOT LOADI_0 LOADI_1 RETURN SEND STOP STRING
string_to_i	int:42	RETURN SEND0 STOP STRING
string_times	int:4	LOADI_2 MUL RETURN SEND0 STOP STRING
string_index	str:e	GETIDX LOADI_1 RETURN STOP STRING
array_map	int:3	ARRAY BLOCK ENTER LOADI_1 LOADI_2 LOADI_3 MOVE MUL RETURN SEND0 SENDB STOP
array_select	int:2	ARRAY BLOCK ENTER GT LOADI_1 LOADI_2 LOADI_3 MOVE RETURN SEND0 SENDB STOP
array_inject	err:NoMethodError("undefined method `inject` for Array")	ADD ARRAY BLOCK ENTER LOADI_0 LOADI_1 LOADI_2 LOADI_3 MOVE RETURN SENDB STOP
array_push_pop	int:1	ARRAY2 LOADI_1 LOADI_2 MOVE RETURN SEND SEND0 STOP
array_join	str:1-2	ARRAY LOADI_1 LOADI_2 RETURN SEND STOP STRING
array_include	int:1	ARRAY JMP JMPNOT LOADI_0 LOADI_1 LOADI_2 RETURN SEND STOP
array_first_last	int:4	ADD ARRAY LOADI_1 LOADI_2 LOADI_3 RETURN SEND0 STOP
array_reverse	err:NoMethodError("undefined method `reverse` for Array")	ARRAY LOADI_1 LOADI_2 LOADI_3 RETURN SEND0 STOP
array_flatten	int:2	ARRAY LOADI_1 LOADI_2 RETURN SEND0 STOP
array_uniq	int:2	ARRAY LOADI_1 LOADI_2 RETURN SEND0 STOP
hash_keys_values	int:3	ADD HASH LOADI_1 LOADI_2 LOADSYM RETURN SEND0 STOP
hash_each	int:3	ADD BLOCK ENTER GETUPVAR HASH LOADI_0 LOADI_1 LOADI_2 LOADSYM MOVE RETURN SENDB SETUPVAR STOP
hash_merge	int:2	HASH LOADI_1 LOADI_2 LOADSYM RETURN SEND SEND0 STOP
integer_times	int:3	ADD BLOCK ENTER GETUPVAR LOADI_0 LOADI_3 MOVE RETURN SENDB SETUPVAR STOP
integer_to_s	str:42	LOADI RETURN SEND0 STOP
integer_abs	int:3	LOADINEG RETURN SEND0 STOP
enumerable_each_with_index	int:1	ADD ARRAY BLOCK ENTER GETUPVAR LOADI LOADI_0 MOVE RETURN SENDB SETUPVAR STOP
comparable_between	err:NoMethodError("undefined method `between?` for Integer")	JMP JMPNOT LOADI LOADI_0 LOADI_1 LOADI_5 RETURN SEND STOP
kernel_puts_returns_nil	int:1	JMP JMPNIL LOADI_0 LOADI_1 RETURN SSEND STOP STRING
