move_and_load	int:1	LOADI_1 MOVE RETURN STOP
small_integers	int:27	ADD LOADI_0 LOADI_1 LOADI_2 LOADI_3 LOADI_4 LOADI_5 LOADI_6 LOADI_7 LOADI__1 MOVE RETURN STOP
wide_integers	int:70293	ADD LOADI16 LOADI32 LOADINEG MOVE RETURN STOP
float_from_pool	int:1	LOADL RETURN STOP
singletons	str:abc	JMP JMPNOT LOADF LOADNIL LOADSYM LOADT MOVE RETURN SEND0 STOP
global_variable	int:21	GETGV LOADI RETURN SETGV STOP
instance_variable	int:5	CLASS ENTER EXEC GETCONST GETIV LOADI_5 LOADNIL MOVE RETURN SEND0 SETIV STOP TDEF
class_variable	int:6	CLASS ENTER EXEC GETCONST GETCV LOADI_6 LOADNIL MOVE RETURN SEND0 SETCV STOP TDEF
constant	int:7	GETCONST LOADI_7 RETURN SETCONST STOP
scoped_constant	int:8	CLASS GETCONST GETMCNST LOADI LOADNIL RETURN SETMCNST STOP
toplevel_scope	int:9	GETMCNST LOADI OCLASS RETURN SETMCNST STOP
upvalue	int:10	ARRAY BLOCK ENTER GETUPVAR LOADI LOADI_0 LOADI_1 RETURN SENDB SETUPVAR STOP
branch_if_else	int:11	JMP JMPNOT LOADI LOADI_1 MOVE RETURN STOP
branch_or	int:12	JMPIF LOADI LOADNIL MOVE RETURN STOP
branch_on_nil	int:13	JMPNIL LOADI LOADNIL MOVE RETURN SEND0 STOP
while_loop	int:2	ADDILV JMP JMPNOT LOADI_0 LOADI_2 LT MOVE NOP RETURN STOP
break_from_block	int:1	ARRAY BLOCK BREAK ENTER LOADI_0 LOADI_1 LOADI_2 LOADNIL RETURN SENDB SETUPVAR STOP
send_forms	int:5	ADD ARRAY ENTER LOADI_1 LOADI_2 RETURN SEND0 SSEND SSEND0 STOP TDEF
yield_to_block	int:6	BLKCALL BLKPUSH BLOCK ENTER LOADI_2 LOADI_3 MOVE MUL RETURN SSENDB STOP TDEF
block_object	int:14	ENTER LAMBDA LOADI_2 LOADI_7 MOVE MUL RETURN SEND STOP
super_call	int:16	ARGARY CLASS ENTER EXEC GETCONST LOADI LOADI_2 LOADNIL MOVE MUL RETURN SEND SEND0 STOP SUPER TDEF
keyword_arguments	int:3	ADD ENTER KARG KEYEND LOADI_1 LOADI_2 LOADSYM MOVE RETURN SSEND STOP TDEF
returns	int:4	CLASS ENTER EXEC GETCONST JMP JMPNOT LOADI_0 LOADI_4 LOADNIL MOVE RETNIL RETTRUE RETURN SEND0 STOP TDEF
return_out_of_begin	int:5	ENTER EXCEPT GETGV GETMCNST JMP JMPNOT LOADI_5 OCLASS RAISEIF RESCUE RETURN RETURN_BLK SETGV SSEND0 STOP TDEF
arithmetic	int:99	ADDI ADDILV DIV LOADI_1 LOADI_2 LOADI_4 MOVE MUL RETURN STOP SUBI
inline_arithmetic	int:2	ADD ADDI ENTER LOADI_1 MOVE RETURN SSEND STOP SUBI TDEF
comparisons	int:1	EQ GE GT JMP JMPNOT LE LOADI_0 LOADI_1 LOADI_2 LT RETURN STOP
array_literal	int:3	ARRAY2 LOADI_1 LOADI_2 LOADI_3 MOVE RETURN SEND0 STOP
array_index	int:7	ADD ARRAY2 GETIDX GETIDX0 LOADI_0 LOADI_1 LOADI_2 LOADI_5 MOVE RETURN SETIDX STOP
array_destructure	int:6	ADD AREF ARRAY2 LOADI_1 LOADI_2 LOADI_3 MOVE RETURN STOP
array_rest	int:3	ADD APOST AREF ARRAY2 LOADI_1 LOADI_2 LOADI_3 MOVE RETURN SEND0 STOP
array_splat	int:5	ADD ARRAY ARRAY2 ARYCAT ARYPUSH ARYSPLAT ENTER LOADI_1 LOADI_2 LOADI_3 LOADI_4 MOVE RETURN SEND0 SSEND STOP TDEF
string_interpolation	str:x1y	LOADI_1 MOVE RETURN STOP STRCAT STRING
dynamic_symbol	str:a1	INTERN LOADI_1 MOVE RETURN SEND0 STOP STRCAT STRING
hash_literal	int:3	HASH HASHADD HASHCAT LOADI_1 LOADI_2 LOADI_3 LOADSYM MOVE RETURN SEND0 STOP
ranges	int:5	ADD LOADI_1 LOADI_3 RANGE_EXC RANGE_INC RETURN SEND0 STOP
class_and_module	int:14	CLASS LOADI LOADNIL MODULE RETURN STOP
method_definitions	int:3	ADD CLASS ENTER EXEC GETCONST LOADI_1 LOADI_2 LOADNIL LOADSELF RETURN SDEF SEND0 STOP TDEF
singleton_class_body	int:15	CLASS ENTER EXEC GETCONST LOADI LOADNIL LOADSELF RETURN SCLASS SEND0 STOP TDEF
alias_and_undef	int:16	ALIAS CLASS ENTER EXEC GETCONST LOADI LOADI_0 LOADNIL RETNIL RETURN SEND0 STOP TDEF UNDEF
exceptions	str:boom	EXCEPT GETCONST GETGV JMP JMPIF MOVE RAISEIF RESCUE RETURN SEND0 SETGV SSEND STOP STRING
pattern_match_value	int:20	JMP JMPNOT LOADF LOADI LOADI_1 LOADI_2 MATCHERR MOVE RETURN SEND STOP
definition_past_symbol_limit	int:42	ARRAY BLOCK DEF ENTER EXT2 LOADI LOADI_1 METHOD RETURN SENDB SSEND0 STOP TCLASS
wide_first_operand	int:249	ARRAY2 EXT1 GETIDX LOADI LOADI_0 LOADI_1 LOADI_2 LOADI_3 LOADI_4 LOADI_5 LOADI_6 LOADI_7 MOVE RETURN STOP
wide_second_operand	int:299	EXT2 GETIV LOADI LOADI16 LOADI_0 LOADI_1 LOADI_2 LOADI_3 LOADI_4 LOADI_5 LOADI_6 LOADI_7 RETURN SETIV STOP
wide_both_operands	int:55	ADD ENTER EXT1 EXT2 EXT3 GETIV LOADI LOADI_0 LOADI_1 LOADI_2 LOADI_3 LOADI_4 LOADI_5 LOADI_6 LOADI_7 RETURN SETIV SSEND0 STOP TDEF
subtraction	int:3	LOADI_2 LOADI_5 MOVE RETURN STOP SUB
compound_assignment	int:6	ADDILV ENTER LOADI_5 RETURN SSEND0 STOP SUBILV TDEF
implicit_returns	int:17	CLASS ENTER EXEC GETCONST JMP JMPNIL JMPNOT LOADI LOADI_0 LOADNIL MOVE RETFALSE RETSELF RETURN SEND0 STOP TDEF
unwinding_jump	int:1	ADDILV ENTER EXCEPT GETGV GETMCNST JMP JMPNOT JMPUW LOADI_0 LOADI_3 LT MOVE NOP OCLASS RAISEIF RESCUE RETURN SETGV SSEND0 STOP TDEF
optional_keyword	int:7	ADD ENTER JMP JMPIF KARG KEYEND KEY_P LOADI_1 LOADI_2 LOADI_5 LOADSYM MOVE RETURN SSEND STOP TDEF
